N,Time,Time/N
1,20.189009
2,19.707030
3,19.945388
4,19.844675
5,20.149564
6,20.116047
7,20.036122
8,20.291492
9,20.057766
10,20.005587
11,20.255070
12,20.187449
13,19.892122
14,19.904233
15,24.511873
16,24.466270
17,24.586845
18,24.865002
19,24.709910
20,24.584618
21,25.364982
22,25.523036
23,25.648684
24,25.507730
25,25.508214
26,25.445783
27,25.346570
28,25.581597
29,30.596592
30,30.477331
31,30.276114
32,31.470021
33,30.723273
34,30.753043
35,31.116989
